<?xml version="1.0" encoding="UTF-8"?>

<root>
    <Antenna type="SampledAntenna1D" id="monopole">
        <!-- monopole antenna on roof -->
        <!-- samples taken from "Effects of Antenna Characteristics and Placements on a Vehicle-to-Vehicle Channel Scenario" -->
        <parameter name="samples" type="string" value="-0.888 -0.942 -1.109 -1.29 -1.543 -1.717 -1.898 -1.902 -1.979 -2.018 -2.18 -2.336 -2.354 -2.287 -2.181 -2.008 -1.837 -1.667 -1.538 -1.553 -1.687 -1.819 -1.921 -1.977 -1.902 -1.768 -1.672 -1.741 -1.888 -2.167 -2.304 -2.326 -2.114 -1.838 -1.53 -1.36 -1.275 -1.331 -1.524 -1.759 -2.046 -2.212 -2.251 -2.04 -1.732 -1.519 -1.476 -1.579 -1.713 -1.775 -1.73 -1.585 -1.423 -1.339 -1.263 -1.433 -1.62 -1.857 -1.973 -2.059 -2.114 -2.097 -1.991 -1.95 -1.865 -1.865 -1.736 -1.606 -1.371 -1.17 -0.986 -0.893"/>
    </Antenna>
    <Antenna type="SampledAntenna1D" id="panorama">
        <!-- monopole antenna on panorama glass roof -->
        <!-- samples taken from "Influence of car panorama glass roofs on Car2Car communication" -->
        <parameter name="samples" type="string" value="-14.962 -14.531 -14.035 -15.912 -13.103 -11.064 -9.902 -4.728 -6.49 -4.516 -2.66 -0.206 -1.223 2.692 3.219 2.568 3.52 5.896 6.006 6.384 5.405 5.279 5.243 5.433 3.03 2.296 1.664 0.618 1.708 -0.457 1.822 -0.799 1.658 2.735 0.948 0.622 1.156 2.046 1.655 2.611 1.335 -0.108 1.857 0.207 1.221 1.316 2.706 3.575 5.188 7.051 5.599 6.507 7.22 6.805 6.252 6.154 4.16 2.247 3.291 2.866 -1.093 -0.769 -2.331 -4.004 -5.806 -4.79 -10.014 -12.566 -15.903 -14.306 -11.265 -14.368"/>
    </Antenna>
    <Antenna type="SampledAntenna1D" id="patch">
        <!-- patch antenna on side mirrors -->
        <!-- samples taken from "Effects of Antenna Characteristics and Placements on a Vehicle-to-Vehicle Channel Scenario" -->
        <parameter name="samples" type="string" value="5.061 5.016 4.961 4.804 4.577 4.334 3.999 3.549 3.027 2.456 1.833 1.045 0.25 -0.579 -1.516 -2.48 -3.459 -4.348 -5.361 -6.195 -7.24 -8.236 -9.2 -10.345 -11.326 -12.302 -13.302 -13.833 -14.209 -14.186 -13.844 -13.361 -12.824 -12.239 -11.901 -11.588 -11.487 -11.523 -11.733 -12.162 -12.529 -13.15 -13.723 -14.141 -14.289 -14.069 -13.538 -12.537 -11.764 -10.582 -9.617 -8.646 -7.65 -6.601 -5.695 -4.599 -3.598 -2.608 -1.64 -0.741 0.079 0.958 1.62 2.36 2.911 3.515 3.962 4.313 4.593 4.808 4.957 5.041"/>
    </Antenna>
        <Antenna type="SampledAntenna1D" id="omnidirectional">
        <!-- Ideal omnidirectional antenna -->
        <!-- Simulated with nearly uniform gain across all directions -->
        <parameter name="samples" type="string" value="
        2.5 2.6 2.4 2.7 2.8 2.6 2.5 2.4 2.7 2.9 3.0 3.1 3.2 3.3 3.4 3.5
        3.2 3.1 3.0 2.8 2.6 2.5 2.4 2.3 2.2 2.1 2.0 1.9 1.8 1.7 1.6 1.5
        1.7 1.8 1.9 2.0 2.1 2.2 2.3 2.4 2.5 2.6 2.7 2.8 2.9 3.0 3.1 3.2
        3.3 3.4 3.5 3.4 3.3 3.2 3.1 3.0 2.9 2.8 2.7 2.6 2.5 2.4 2.3 2.2
        "/>
    </Antenna>
</root>
