<?xml version="1.0" encoding="UTF-8"?>

<!-- generated on 2025-02-25 17:39:15.578141 by randomTrips.py v1_17_0+0000-737931d58da
<configuration>
    <net-file value="map.net.xml"/>
    <route-file value="map.rou.xml"/>
    <end value="150.0"/>
    <fringe-factor value="10"/>
    <period value="1.5"/>
</configuration>
-->

<routes xmlns:xsi="http://www.w3.org/2001/XMLSchema-instance" xsi:noNamespaceSchemaLocation="http://sumo.dlr.de/xsd/routes_file.xsd">
    <trip id="0" depart="0.00" from="30405358#0" to="-10573414#0"/>
    <trip id="1" depart="1.50" from="-4006676" to="-31241853#0"/>
    <trip id="2" depart="3.00" from="32282774" to="31401017#0"/>
    <trip id="3" depart="4.50" from="4047316" to="-23360299"/>
    <trip id="4" depart="6.00" from="-94344940#3" to="-10573414#0"/>
    <trip id="5" depart="7.50" from="-39539626" to="10425131"/>
    <trip id="6" depart="9.00" from="-10712011" to="-31241835#0"/>
    <trip id="7" depart="10.50" from="31241816#0" to="113939244#2"/>
    <trip id="8" depart="12.00" from="-39539626" to="28631632"/>
    <trip id="9" depart="13.50" from="4006689" to="--5558"/>
    <trip id="10" depart="15.00" from="4006688#2" to="31720633"/>
    <trip id="11" depart="16.50" from="-4006740" to="-28613734"/>
    <trip id="12" depart="18.00" from="4900739#0" to="-4006688#0"/>
    <trip id="13" depart="19.50" from="-29900564#2" to="-23360299"/>
    <trip id="14" depart="21.00" from="4006705#0" to="29900561#1"/>
    <trip id="15" depart="22.50" from="4006688#3" to="32302591#1"/>
    <trip id="16" depart="24.00" from="23570844#1" to="8402998#1"/>
    <trip id="17" depart="25.50" from="-5445204#1" to="23341293"/>
    <trip id="18" depart="27.00" from="4006703#0" to="3013106#0"/>
    <trip id="19" depart="28.50" from="4006724#0" to="26188722"/>
    <trip id="20" depart="30.00" from="31401018" to="-126606716"/>
    <trip id="21" depart="31.50" from="-3998612#1" to="-32611578"/>
    <trip id="22" depart="33.00" from="-28631632" to="-31270441"/>
    <trip id="23" depart="34.50" from="-29900565#3" to="-32302591#2"/>
    <trip id="24" depart="36.00" from="30405358#0" to="-4006703#0"/>
    <trip id="25" depart="37.50" from="-4690348" to="-31241851#0"/>
    <trip id="26" depart="39.00" from="-4006674#4" to="4690348"/>
    <trip id="27" depart="40.50" from="30405358#1" to="29900564#4"/>
    <trip id="28" depart="42.00" from="-31720633" to="32302591#0"/>
    <trip id="29" depart="43.50" from="-31720632#1" to="-4006705#0"/>
    <trip id="30" depart="45.00" from="8403001" to="31241816#3"/>
    <trip id="31" depart="46.50" from="23805514#0" to="31720632#1"/>
    <trip id="32" depart="48.00" from="4006705#0" to="3998615#1"/>
    <trip id="33" depart="49.50" from="-3998612#2" to="-113939241"/>
    <trip id="34" depart="51.00" from="-4006702#1" to="-32282774"/>
    <trip id="35" depart="52.50" from="-35842306#0" to="4797871"/>
    <trip id="36" depart="54.00" from="4006725#0" to="-3998643#1"/>
    <trip id="37" depart="55.50" from="31241834#1" to="-4006724#1"/>
    <trip id="38" depart="57.00" from="4319351" to="-4900739#0"/>
    <trip id="39" depart="58.50" from="-4006674#3" to="-32270592#1"/>
    <trip id="40" depart="60.00" from="25210699" to="-32282774"/>
    <trip id="41" depart="61.50" from="28613727#0" to="4099270#1"/>
    <trip id="42" depart="63.00" from="-67076129" to="-31241853#0"/>
    <trip id="43" depart="64.50" from="94344941" to="10425131"/>
    <trip id="44" depart="66.00" from="-29900564#1" to="-15259223"/>
    <trip id="45" depart="67.50" from="-30357194" to="30350450#0"/>
    <trip id="46" depart="69.00" from="4006674#1" to="-4047316"/>
    <trip id="47" depart="70.50" from="-26188722" to="-4006705#2"/>
    <trip id="48" depart="72.00" from="94344940#0" to="10712013"/>
    <trip id="49" depart="73.50" from="54105725" to="4006702#2"/>
    <trip id="50" depart="75.00" from="-10425131" to="31982182#1"/>
    <trip id="51" depart="76.50" from="31241853#0" to="113939241"/>
    <trip id="52" depart="78.00" from="-4006674#4" to="31241816#3"/>
    <trip id="53" depart="79.50" from="-31241816#0" to="-4392769"/>
    <trip id="54" depart="81.00" from="113939242#2" to="5445204#2"/>
    <trip id="55" depart="82.50" from="4006725#0" to="-32282774"/>
    <trip id="56" depart="84.00" from="23350929" to="-3013106#0"/>
    <trip id="57" depart="85.50" from="4319351" to="4006726#1"/>
    <trip id="58" depart="87.00" from="-4006693#3" to="31241816#1"/>
    <trip id="59" depart="88.50" from="29900564#4" to="-28613734"/>
    <trip id="60" depart="90.00" from="33174302#1" to="113939242#1"/>
    <trip id="61" depart="91.50" from="3998615#3" to="10712013"/>
    <trip id="62" depart="93.00" from="-10419402" to="-4006674#0"/>
    <trip id="63" depart="94.50" from="-10712011" to="4686970#0"/>
    <trip id="64" depart="96.00" from="4006725#0" to="4006688#3"/>
    <trip id="65" depart="97.50" from="-4006701" to="-15259223"/>
    <trip id="66" depart="99.00" from="4006725#0" to="4900043"/>
    <trip id="67" depart="100.50" from="-28631632" to="-8402998#3"/>
    <trip id="68" depart="102.00" from="-28269598" to="39539626"/>
    <trip id="69" depart="103.50" from="37591481" to="-23805514#1"/>
    <trip id="70" depart="105.00" from="15259223" to="19796637"/>
    <trip id="71" depart="106.50" from="-4006674#3" to="4006740"/>
    <trip id="72" depart="108.00" from="-94344940#3" to="-31241851#2"/>
    <trip id="73" depart="109.50" from="23570844#1" to="32302591#1"/>
    <trip id="74" depart="111.00" from="-32320329" to="-3998615#2"/>
    <trip id="75" depart="112.50" from="94344940#0" to="31241851#1"/>
    <trip id="76" depart="114.00" from="10573414#0" to="10712011"/>
    <trip id="77" depart="115.50" from="-31241848" to="-31241853#0"/>
    <trip id="78" depart="117.00" from="-4006740" to="28631632"/>
    <trip id="79" depart="118.50" from="-3998613#0" to="-31241853#0"/>
    <trip id="80" depart="120.00" from="-28613727#0" to="30357194"/>
    <trip id="81" depart="121.50" from="-3998612#2" to="4099270#1"/>
    <trip id="82" depart="123.00" from="4006724#0" to="-23350929"/>
    <trip id="83" depart="124.50" from="-3998615#3" to="31261347"/>
    <trip id="84" depart="126.00" from="-39539626" to="-25210699"/>
    <trip id="85" depart="127.50" from="4392769" to="26188722"/>
    <trip id="86" depart="129.00" from="125685391" to="3998645#1"/>
    <trip id="87" depart="130.50" from="4006688#4" to="-31241834#1"/>
    <trip id="88" depart="132.00" from="-29900565#0" to="-4099270#0"/>
    <trip id="89" depart="133.50" from="-94344940#3" to="-54105725"/>
    <trip id="90" depart="135.00" from="32282774" to="31353573#0"/>
    <trip id="91" depart="136.50" from="8402998#0" to="-23570844#1"/>
    <trip id="92" depart="138.00" from="-67076129" to="-4006688#3"/>
    <trip id="93" depart="139.50" from="4006724#0" to="-32270595"/>
    <trip id="94" depart="141.00" from="-32302591#2" to="-4900739#0"/>
    <trip id="95" depart="142.50" from="-94344940#3" to="-32302591#3"/>
    <trip id="96" depart="144.00" from="-3998653" to="4319353"/>
    <trip id="97" depart="145.50" from="10573414#0" to="4006703#1"/>
    <trip id="98" depart="147.00" from="23805514#0" to="-15259223"/>
    <trip id="99" depart="148.50" from="9643180" to="4006691"/>
</routes>
