<?xml version="1.0" encoding="UTF-8"?>

<!-- generated on 2025-02-09 14:14:04 by Eclipse SUMO GUI Version 1.17.0
<configuration xmlns:xsi="http://www.w3.org/2001/XMLSchema-instance" xsi:noNamespaceSchemaLocation="http://sumo.dlr.de/xsd/sumoConfiguration.xsd">

    <input>
        <net-file value="map.net.xml"/>
        <route-files value="map.rou.xml"/>
        <additional-files value="map.poly.xml"/>
    </input>

    <output>
        <fcd-output value="fcd.xml"/>
        <tripinfo-output value="tripinfos.xml"/>
    </output>

    <time>
        <begin value="0"/>
        <end value="1000"/>
        <step-length value="0.1"/>
    </time>

    <report>
        <no-step-log value="true"/>
    </report>

    <gui_only>
        <start value="true"/>
    </gui_only>

</configuration>
-->

<tripinfos xmlns:xsi="http://www.w3.org/2001/XMLSchema-instance" xsi:noNamespaceSchemaLocation="http://sumo.dlr.de/xsd/tripinfo_file.xsd">
    <tripinfo id="12" depart="12.00" departLane="96327291#3_0" departPos="5.10" departSpeed="0.00" departDelay="0.00" arrival="71.30" arrivalLane="1052673733#2_0" arrivalPos="181.70" arrivalSpeed="30.18" duration="59.30" routeLength="1147.41" waitingTime="0.00" waitingCount="0" stopTime="0.00" timeLoss="19.59" rerouteNo="0" devices="tripinfo_12 fcd_12" vType="DEFAULT_VEHTYPE" speedFactor="1.09" vaporized=""/>
    <tripinfo id="28" depart="28.00" departLane="-242558381#0_0" departPos="5.10" departSpeed="0.00" departDelay="0.00" arrival="89.20" arrivalLane="488272003#8_1" arrivalPos="81.83" arrivalSpeed="22.92" duration="61.20" routeLength="703.67" waitingTime="0.00" waitingCount="0" stopTime="0.00" timeLoss="14.64" rerouteNo="0" devices="tripinfo_28 fcd_28" vType="DEFAULT_VEHTYPE" speedFactor="0.83" vaporized=""/>
    <tripinfo id="30" depart="30.00" departLane="995989151#2_0" departPos="5.10" departSpeed="0.00" departDelay="0.00" arrival="105.70" arrivalLane="246621647#0_0" arrivalPos="220.16" arrivalSpeed="20.34" duration="75.70" routeLength="1128.27" waitingTime="0.00" waitingCount="0" stopTime="0.00" timeLoss="19.86" rerouteNo="0" devices="tripinfo_30 fcd_30" vType="DEFAULT_VEHTYPE" speedFactor="0.92" vaporized=""/>
    <tripinfo id="24" depart="24.00" departLane="237756476#0_0" departPos="5.10" departSpeed="0.00" departDelay="0.00" arrival="116.40" arrivalLane="1102478862#1_0" arrivalPos="40.68" arrivalSpeed="28.16" duration="92.40" routeLength="1845.65" waitingTime="0.00" waitingCount="0" stopTime="0.00" timeLoss="19.23" rerouteNo="0" devices="tripinfo_24 fcd_24" vType="DEFAULT_VEHTYPE" speedFactor="1.02" vaporized=""/>
    <tripinfo id="17" depart="17.00" departLane="1100775521#0_0" departPos="5.10" departSpeed="0.00" departDelay="0.00" arrival="138.60" arrivalLane="232420302#1_0" arrivalPos="199.27" arrivalSpeed="15.56" duration="121.60" routeLength="2036.04" waitingTime="0.00" waitingCount="0" stopTime="0.00" timeLoss="36.34" rerouteNo="0" devices="tripinfo_17 fcd_17" vType="DEFAULT_VEHTYPE" speedFactor="1.12" vaporized=""/>
    <tripinfo id="19" depart="19.00" departLane="640221834#13_0" departPos="5.10" departSpeed="0.00" departDelay="0.00" arrival="154.00" arrivalLane="233713925_0" arrivalPos="31.98" arrivalSpeed="12.72" duration="135.00" routeLength="1427.53" waitingTime="32.60" waitingCount="2" stopTime="0.00" timeLoss="65.65" rerouteNo="0" devices="tripinfo_19 fcd_19" vType="DEFAULT_VEHTYPE" speedFactor="0.93" vaporized=""/>
    <tripinfo id="40" depart="40.00" departLane="232333401_0" departPos="5.10" departSpeed="0.00" departDelay="0.00" arrival="156.20" arrivalLane="101316004#2_0" arrivalPos="70.52" arrivalSpeed="28.21" duration="116.20" routeLength="2727.00" waitingTime="0.00" waitingCount="0" stopTime="0.00" timeLoss="18.92" rerouteNo="0" devices="tripinfo_40 fcd_40" vType="DEFAULT_VEHTYPE" speedFactor="1.02" vaporized=""/>
    <tripinfo id="13" depart="13.00" departLane="-222088986#5_0" departPos="5.10" departSpeed="0.00" departDelay="0.00" arrival="174.90" arrivalLane="-231407871#0_0" arrivalPos="49.70" arrivalSpeed="14.25" duration="161.90" routeLength="2072.47" waitingTime="0.00" waitingCount="0" stopTime="0.00" timeLoss="12.65" rerouteNo="0" devices="tripinfo_13 fcd_13" vType="DEFAULT_VEHTYPE" speedFactor="1.03" vaporized=""/>
    <tripinfo id="10" depart="10.00" departLane="581126439#2_0" departPos="5.10" departSpeed="0.00" departDelay="0.00" arrival="188.70" arrivalLane="292313589#1_0" arrivalPos="201.51" arrivalSpeed="11.89" duration="178.70" routeLength="3163.74" waitingTime="0.00" waitingCount="0" stopTime="0.00" timeLoss="15.80" rerouteNo="0" devices="tripinfo_10 fcd_10" vType="DEFAULT_VEHTYPE" speedFactor="0.86" vaporized=""/>
    <tripinfo id="49" depart="49.00" departLane="963575161#0_0" departPos="5.10" departSpeed="0.00" departDelay="0.00" arrival="208.80" arrivalLane="636481667#0_0" arrivalPos="502.64" arrivalSpeed="23.05" duration="159.80" routeLength="3540.30" waitingTime="0.00" waitingCount="0" stopTime="0.00" timeLoss="6.22" rerouteNo="0" devices="tripinfo_49 fcd_49" vType="DEFAULT_VEHTYPE" speedFactor="1.04" vaporized=""/>
    <tripinfo id="18" depart="18.00" departLane="633620767#2_0" departPos="5.10" departSpeed="0.00" departDelay="0.00" arrival="209.70" arrivalLane="235480364#0_0" arrivalPos="89.70" arrivalSpeed="13.72" duration="191.70" routeLength="4204.89" waitingTime="0.00" waitingCount="0" stopTime="0.00" timeLoss="28.80" rerouteNo="0" devices="tripinfo_18 fcd_18" vType="DEFAULT_VEHTYPE" speedFactor="0.99" vaporized=""/>
    <tripinfo id="27" depart="27.00" departLane="242558381#0_0" departPos="5.10" departSpeed="0.00" departDelay="0.00" arrival="210.90" arrivalLane="234533569#1_0" arrivalPos="181.13" arrivalSpeed="12.29" duration="183.90" routeLength="2312.47" waitingTime="11.50" waitingCount="2" stopTime="0.00" timeLoss="65.58" rerouteNo="0" devices="tripinfo_27 fcd_27" vType="DEFAULT_VEHTYPE" speedFactor="0.89" vaporized=""/>
    <tripinfo id="36" depart="36.00" departLane="680992418#3_0" departPos="5.10" departSpeed="0.00" departDelay="0.00" arrival="225.70" arrivalLane="1050942992_0" arrivalPos="171.86" arrivalSpeed="25.57" duration="189.70" routeLength="4355.19" waitingTime="0.00" waitingCount="0" stopTime="0.00" timeLoss="27.04" rerouteNo="0" devices="tripinfo_36 fcd_36" vType="DEFAULT_VEHTYPE" speedFactor="1.15" vaporized=""/>
    <tripinfo id="29" depart="29.00" departLane="-239167340#4_0" departPos="5.10" departSpeed="0.00" departDelay="0.00" arrival="227.70" arrivalLane="1183877517_0" arrivalPos="332.62" arrivalSpeed="12.07" duration="198.70" routeLength="3229.23" waitingTime="2.50" waitingCount="1" stopTime="0.00" timeLoss="28.26" rerouteNo="0" devices="tripinfo_29 fcd_29" vType="DEFAULT_VEHTYPE" speedFactor="0.87" vaporized=""/>
    <tripinfo id="25" depart="25.00" departLane="1100775496#2_0" departPos="5.10" departSpeed="0.00" departDelay="0.00" arrival="231.30" arrivalLane="-533679822#6_0" arrivalPos="32.91" arrivalSpeed="17.51" duration="206.30" routeLength="2805.72" waitingTime="29.30" waitingCount="1" stopTime="0.00" timeLoss="80.03" rerouteNo="0" devices="tripinfo_25 fcd_25" vType="DEFAULT_VEHTYPE" speedFactor="1.01" vaporized=""/>
    <tripinfo id="44" depart="44.00" departLane="-220883473#2_0" departPos="5.10" departSpeed="0.00" departDelay="0.00" arrival="236.10" arrivalLane="-1190795457#0_0" arrivalPos="122.79" arrivalSpeed="15.26" duration="192.10" routeLength="3585.87" waitingTime="0.00" waitingCount="0" stopTime="0.00" timeLoss="28.35" rerouteNo="0" devices="tripinfo_44 fcd_44" vType="DEFAULT_VEHTYPE" speedFactor="1.10" vaporized=""/>
    <tripinfo id="26" depart="26.00" departLane="-943577638#3_0" departPos="5.10" departSpeed="0.00" departDelay="0.00" arrival="237.00" arrivalLane="898510431#1_0" arrivalPos="57.65" arrivalSpeed="13.50" duration="211.00" routeLength="2367.85" waitingTime="32.40" waitingCount="1" stopTime="0.00" timeLoss="82.33" rerouteNo="0" devices="tripinfo_26 fcd_26" vType="DEFAULT_VEHTYPE" speedFactor="0.97" vaporized=""/>
    <tripinfo id="4" depart="4.00" departLane="1254832460#2_0" departPos="5.10" departSpeed="0.00" departDelay="0.00" arrival="244.60" arrivalLane="-107586296#1_0" arrivalPos="267.48" arrivalSpeed="22.78" duration="240.60" routeLength="3476.98" waitingTime="39.80" waitingCount="1" stopTime="0.00" timeLoss="80.28" rerouteNo="0" devices="tripinfo_4 fcd_4" vType="DEFAULT_VEHTYPE" speedFactor="1.03" vaporized=""/>
    <tripinfo id="41" depart="41.00" departLane="232629957#1_0" departPos="5.10" departSpeed="0.00" departDelay="0.00" arrival="244.80" arrivalLane="69570022#4_0" arrivalPos="261.85" arrivalSpeed="13.49" duration="203.80" routeLength="3608.96" waitingTime="6.50" waitingCount="2" stopTime="0.00" timeLoss="51.55" rerouteNo="0" devices="tripinfo_41 fcd_41" vType="DEFAULT_VEHTYPE" speedFactor="0.97" vaporized=""/>
    <tripinfo id="0" depart="0.00" departLane="239167340#2_0" departPos="5.10" departSpeed="0.00" departDelay="0.00" arrival="254.00" arrivalLane="-1050467260#0_0" arrivalPos="52.99" arrivalSpeed="2.88" duration="254.00" routeLength="3236.94" waitingTime="0.00" waitingCount="0" stopTime="0.00" timeLoss="34.59" rerouteNo="0" devices="tripinfo_0 fcd_0" vType="DEFAULT_VEHTYPE" speedFactor="1.06" vaporized=""/>
    <tripinfo id="3" depart="3.00" departLane="69347868#0_0" departPos="5.10" departSpeed="0.00" departDelay="0.00" arrival="255.80" arrivalLane="-220883468#1_0" arrivalPos="78.78" arrivalSpeed="14.99" duration="252.80" routeLength="3977.12" waitingTime="1.20" waitingCount="1" stopTime="0.00" timeLoss="53.49" rerouteNo="0" devices="tripinfo_3 fcd_3" vType="DEFAULT_VEHTYPE" speedFactor="1.08" vaporized=""/>
    <tripinfo id="16" depart="16.00" departLane="231530781_0" departPos="5.10" departSpeed="0.00" departDelay="0.00" arrival="261.80" arrivalLane="974372178#10_0" arrivalPos="188.44" arrivalSpeed="29.04" duration="245.80" routeLength="4413.51" waitingTime="0.00" waitingCount="0" stopTime="0.00" timeLoss="21.51" rerouteNo="0" devices="tripinfo_16 fcd_16" vType="DEFAULT_VEHTYPE" speedFactor="1.05" vaporized=""/>
    <tripinfo id="45" depart="45.00" departLane="-231901935#2_0" departPos="5.10" departSpeed="0.00" departDelay="0.00" arrival="262.00" arrivalLane="238926551#1_0" arrivalPos="120.64" arrivalSpeed="12.50" duration="217.00" routeLength="4122.83" waitingTime="0.00" waitingCount="0" stopTime="0.00" timeLoss="26.84" rerouteNo="0" devices="tripinfo_45 fcd_45" vType="DEFAULT_VEHTYPE" speedFactor="0.90" vaporized=""/>
    <tripinfo id="32" depart="32.00" departLane="636236957#1_0" departPos="5.10" departSpeed="0.00" departDelay="0.00" arrival="268.00" arrivalLane="533894270#1_0" arrivalPos="86.34" arrivalSpeed="21.00" duration="236.00" routeLength="3982.62" waitingTime="38.60" waitingCount="1" stopTime="0.00" timeLoss="105.11" rerouteNo="0" devices="tripinfo_32 fcd_32" vType="DEFAULT_VEHTYPE" speedFactor="1.13" vaporized=""/>
    <tripinfo id="31" depart="31.00" departLane="232330678#0_0" departPos="5.10" departSpeed="0.00" departDelay="0.00" arrival="273.20" arrivalLane="26922965#4_0" arrivalPos="221.60" arrivalSpeed="26.26" duration="242.20" routeLength="4368.18" waitingTime="33.30" waitingCount="1" stopTime="0.00" timeLoss="63.44" rerouteNo="0" devices="tripinfo_31 fcd_31" vType="DEFAULT_VEHTYPE" speedFactor="0.95" vaporized=""/>
    <tripinfo id="47" depart="47.00" departLane="-203270129#2_0" departPos="5.10" departSpeed="0.00" departDelay="0.00" arrival="273.40" arrivalLane="1185869857#1_1" arrivalPos="271.39" arrivalSpeed="26.58" duration="226.40" routeLength="4827.04" waitingTime="0.00" waitingCount="0" stopTime="0.00" timeLoss="35.67" rerouteNo="0" devices="tripinfo_47 fcd_47" vType="DEFAULT_VEHTYPE" speedFactor="0.96" vaporized=""/>
    <tripinfo id="6" depart="6.00" departLane="-1051576669#2_0" departPos="5.10" departSpeed="0.00" departDelay="0.00" arrival="277.80" arrivalLane="-489105629#0_0" arrivalPos="138.28" arrivalSpeed="18.37" duration="271.80" routeLength="3556.22" waitingTime="35.40" waitingCount="2" stopTime="0.00" timeLoss="92.77" rerouteNo="0" devices="tripinfo_6 fcd_6" vType="DEFAULT_VEHTYPE" speedFactor="0.83" vaporized=""/>
    <tripinfo id="22" depart="22.00" departLane="-220653216#0_0" departPos="5.10" departSpeed="0.00" departDelay="0.00" arrival="280.50" arrivalLane="-689220805#5_0" arrivalPos="93.33" arrivalSpeed="19.16" duration="258.50" routeLength="4424.82" waitingTime="6.50" waitingCount="2" stopTime="0.00" timeLoss="65.25" rerouteNo="0" devices="tripinfo_22 fcd_22" vType="DEFAULT_VEHTYPE" speedFactor="0.94" vaporized=""/>
    <tripinfo id="42" depart="42.00" departLane="1185869859#0_0" departPos="5.10" departSpeed="0.00" departDelay="0.00" arrival="287.20" arrivalLane="-533912104#3_0" arrivalPos="198.96" arrivalSpeed="26.09" duration="245.20" routeLength="4322.18" waitingTime="24.80" waitingCount="3" stopTime="0.00" timeLoss="104.11" rerouteNo="0" devices="tripinfo_42 fcd_42" vType="DEFAULT_VEHTYPE" speedFactor="1.18" vaporized=""/>
    <tripinfo id="2" depart="2.00" departLane="488453361#19_0" departPos="5.10" departSpeed="0.00" departDelay="0.00" arrival="290.80" arrivalLane="264614380#2_0" arrivalPos="308.32" arrivalSpeed="22.43" duration="288.80" routeLength="5239.39" waitingTime="0.60" waitingCount="1" stopTime="0.00" timeLoss="35.40" rerouteNo="0" devices="tripinfo_2 fcd_2" vType="DEFAULT_VEHTYPE" speedFactor="1.01" vaporized=""/>
    <tripinfo id="8" depart="8.00" departLane="-533466796#4_0" departPos="5.10" departSpeed="0.00" departDelay="0.00" arrival="294.10" arrivalLane="233713929#6_0" arrivalPos="148.50" arrivalSpeed="24.51" duration="286.10" routeLength="3818.33" waitingTime="72.90" waitingCount="3" stopTime="0.00" timeLoss="119.97" rerouteNo="0" devices="tripinfo_8 fcd_8" vType="DEFAULT_VEHTYPE" speedFactor="0.89" vaporized=""/>
    <tripinfo id="35" depart="35.00" departLane="-489105629#0_0" departPos="5.10" departSpeed="0.00" departDelay="0.00" arrival="296.70" arrivalLane="916419668#7_1" arrivalPos="158.49" arrivalSpeed="26.18" duration="261.70" routeLength="4061.31" waitingTime="33.90" waitingCount="2" stopTime="0.00" timeLoss="122.09" rerouteNo="0" devices="tripinfo_35 fcd_35" vType="DEFAULT_VEHTYPE" speedFactor="1.18" vaporized=""/>
    <tripinfo id="7" depart="7.00" departLane="242559084#2_0" departPos="5.10" departSpeed="0.00" departDelay="0.00" arrival="302.50" arrivalLane="232330680#3_0" arrivalPos="76.99" arrivalSpeed="14.44" duration="295.50" routeLength="4574.11" waitingTime="46.40" waitingCount="3" stopTime="0.00" timeLoss="122.17" rerouteNo="0" devices="tripinfo_7 fcd_7" vType="DEFAULT_VEHTYPE" speedFactor="1.05" vaporized=""/>
    <tripinfo id="38" depart="38.00" departLane="830807174#8_0" departPos="5.10" departSpeed="0.00" departDelay="0.00" arrival="308.40" arrivalLane="208128048#14_0" arrivalPos="93.67" arrivalSpeed="25.95" duration="270.40" routeLength="3547.28" waitingTime="80.00" waitingCount="3" stopTime="0.00" timeLoss="150.50" rerouteNo="0" devices="tripinfo_38 fcd_38" vType="DEFAULT_VEHTYPE" speedFactor="1.17" vaporized=""/>
    <tripinfo id="46" depart="46.00" departLane="570468184#0_0" departPos="5.10" departSpeed="0.00" departDelay="0.00" arrival="308.80" arrivalLane="154879897#1_0" arrivalPos="12.09" arrivalSpeed="14.29" duration="262.80" routeLength="4958.92" waitingTime="14.20" waitingCount="1" stopTime="0.00" timeLoss="60.53" rerouteNo="0" devices="tripinfo_46 fcd_46" vType="DEFAULT_VEHTYPE" speedFactor="1.03" vaporized=""/>
    <tripinfo id="39" depart="39.00" departLane="-898510431#1_0" departPos="5.10" departSpeed="0.00" departDelay="0.00" arrival="309.90" arrivalLane="-839822969#0_0" arrivalPos="113.99" arrivalSpeed="13.71" duration="270.90" routeLength="4381.43" waitingTime="24.30" waitingCount="2" stopTime="0.00" timeLoss="79.30" rerouteNo="0" devices="tripinfo_39 fcd_39" vType="DEFAULT_VEHTYPE" speedFactor="0.99" vaporized=""/>
    <tripinfo id="48" depart="48.00" departLane="996890853_0" departPos="5.10" departSpeed="0.00" departDelay="0.00" arrival="344.30" arrivalLane="231664133#3_0" arrivalPos="17.68" arrivalSpeed="10.52" duration="296.30" routeLength="4772.34" waitingTime="0.30" waitingCount="1" stopTime="0.00" timeLoss="82.10" rerouteNo="0" devices="tripinfo_48 fcd_48" vType="DEFAULT_VEHTYPE" speedFactor="1.09" vaporized=""/>
    <tripinfo id="1" depart="1.00" departLane="101315920#0_0" departPos="5.10" departSpeed="0.00" departDelay="0.00" arrival="346.20" arrivalLane="-574956548_0" arrivalPos="493.18" arrivalSpeed="13.02" duration="345.20" routeLength="4315.71" waitingTime="40.40" waitingCount="2" stopTime="0.00" timeLoss="97.95" rerouteNo="0" devices="tripinfo_1 fcd_1" vType="DEFAULT_VEHTYPE" speedFactor="0.94" vaporized=""/>
    <tripinfo id="33" depart="33.00" departLane="-533894268#3_0" departPos="5.10" departSpeed="0.00" departDelay="0.00" arrival="360.70" arrivalLane="-1100775497#2_0" arrivalPos="206.77" arrivalSpeed="12.84" duration="327.70" routeLength="3869.24" waitingTime="78.80" waitingCount="3" stopTime="0.00" timeLoss="133.59" rerouteNo="0" devices="tripinfo_33 fcd_33" vType="DEFAULT_VEHTYPE" speedFactor="0.93" vaporized=""/>
    <tripinfo id="37" depart="37.00" departLane="246801730#3_0" departPos="5.10" departSpeed="0.00" departDelay="0.00" arrival="376.20" arrivalLane="1185912026#2_0" arrivalPos="313.46" arrivalSpeed="27.91" duration="339.20" routeLength="4596.61" waitingTime="0.00" waitingCount="0" stopTime="0.00" timeLoss="36.83" rerouteNo="0" devices="tripinfo_37 fcd_37" vType="DEFAULT_VEHTYPE" speedFactor="1.01" vaporized=""/>
    <tripinfo id="9" depart="9.00" departLane="582188686#0_0" departPos="5.10" departSpeed="0.00" departDelay="0.00" arrival="379.70" arrivalLane="-101316338#1_0" arrivalPos="120.34" arrivalSpeed="13.02" duration="370.70" routeLength="6090.43" waitingTime="37.40" waitingCount="1" stopTime="0.00" timeLoss="90.46" rerouteNo="0" devices="tripinfo_9 fcd_9" vType="DEFAULT_VEHTYPE" speedFactor="0.94" vaporized=""/>
    <tripinfo id="21" depart="21.00" departLane="-533894268#0_0" departPos="5.10" departSpeed="0.00" departDelay="0.00" arrival="419.40" arrivalLane="101317645#1_0" arrivalPos="371.26" arrivalSpeed="13.06" duration="398.40" routeLength="6671.38" waitingTime="20.40" waitingCount="2" stopTime="0.00" timeLoss="116.96" rerouteNo="0" devices="tripinfo_21 fcd_21" vType="DEFAULT_VEHTYPE" speedFactor="0.94" vaporized=""/>
    <tripinfo id="23" depart="23.00" departLane="-231408863#0_0" departPos="5.10" departSpeed="0.00" departDelay="0.00" arrival="443.10" arrivalLane="101317056#1_0" arrivalPos="733.38" arrivalSpeed="15.97" duration="420.10" routeLength="6935.32" waitingTime="5.90" waitingCount="3" stopTime="0.00" timeLoss="119.71" rerouteNo="0" devices="tripinfo_23 fcd_23" vType="DEFAULT_VEHTYPE" speedFactor="1.16" vaporized=""/>
    <tripinfo id="20" depart="20.00" departLane="317200054#1_0" departPos="5.10" departSpeed="0.00" departDelay="0.00" arrival="459.60" arrivalLane="-1188007708#2_1" arrivalPos="69.07" arrivalSpeed="19.17" duration="439.60" routeLength="5392.20" waitingTime="63.80" waitingCount="2" stopTime="0.00" timeLoss="118.97" rerouteNo="0" devices="tripinfo_20 fcd_20" vType="DEFAULT_VEHTYPE" speedFactor="0.88" vaporized=""/>
</tripinfos>
